,Names,Age,Work Start,Work End,Experience,Home,Work,Koe
0,Bob,18,7,11,0,"[0.123123, 5.12312]","[6.123123, 6.12312]",12
1,Jessica,40,10,14,10,"[0.123123, 5.12312]","[6.123123, 6.12312]",2
2,Mary,34,11,12,3,"[0.123123, 5.12312]","[6.123123, 6.12312]",4
3,John,22,8,17,2,"[0.123123, 5.12312]","[6.123123, 6.12312]",9
4,Mel,57,11,15,20,"[0.123123, 5.12312]","[6.123123, 6.12312]",14
5,Kirk,22,10,14,2,"[0.123123, 5.12312]","[6.123123, 6.12312]",15
6,Johanna,30,11,17,5,"[0.123123, 5.12312]","[6.123123, 6.12312]",6
7,Sasha,19,10,20,0,"[0.123123, 5.12312]","[6.123123, 6.12312]",9
